date,content
2018-02-07,US Section 201 tariffs imposed on solar panels and washing machines
2018-03-23,"US Section 232 tariffs imposed on steel and aluminum, temporarily exempting Argentina, Australia, Brazil, EU, Canada, Mexico, and South Korea"
2018-04-02,China's retaliation to US Section 232 tariffs
2018-05-01,China's MFN tariff cut on pharmaceuticals
2018-06-01,"US ends Section 232 steel and aluminum tariff exemptions for EU, Canada, and Mexico. (Argentina, Brazil, and South Korea had earlier agreed to quotas)"
2018-07-01,"China's MFN tariff cut on consumer goods, autos, and ITA products"
2018-07-06,"US Section 301 tariffs of 25% ($34 billion, List 1) imposed and China’s retaliation ($34 billion)"
2018-08-13,US Section 232 tariff increase from 25% to 50% on imports of steel from Turkey
2018-08-23,"US Section 301 tariffs of 25% ($16 billion, List 2) imposed and China’s retaliation ($16 billion)"
2018-09-24,"US Section 301 tariffs of 10% ($200 billion, List 3) imposed and China’s retaliation ($60 billion)"
2018-11-01,China's MFN tariff cut on industrial goods
2019-01-01,China suspends retaliation against US autos and parts (Section 301) and reduces MFN tariff rates for 2019
2019-02-07,US Section 201 tariffs reduced on solar panels and washing machines in second year of policy
2019-05-20,US exempts Canada and Mexico from Section 232 tariffs on steel and aluminum in exchange for both agreeing to VERs
2019-05-21,US reduces Section 232 tariff on steel imports from Turkey from 50% to 25%
2019-06-01,"US Section 301 tariffs (10% to 25% increase on List 3, effective June 15) imposed and China’s retaliation on some US products (subset of $60 billion, effective June 1)"
2019-07-01,China’s MFN tariff cut on ITA products
2019-09-01,"US Section 301 tariffs of 15% (subset of $300 billion, List 4A) imposed and China’s retaliation on some US products (subset of $75 billion)"
2019-10-18,US imposes Section 301 tariffs on selected imports from EU after WTO authorization in Airbus dispute
2020-01-01,"China adjusts MFN tariff rates for 2020, and US reduces tariffs on imports from Japan under US-Japan Trade Agreement"
2020-02-07,US Section 201 tariffs reduced on solar panels and washing machines in third year of policy
2020-02-08,US Section 232 import tariffs extended to products that use aluminum and steel
2020-02-14,"US Section 301 tariffs of 15% imposed on September 1, 2019 (List 4A) cut to 7.5%, and China’s retaliatory tariffs imposed on September 1, 2019 cut in half"
2020-03-05,US adjusts Section 301 tariffs on selected imports from EU related to Airbus dispute
2020-07-01,China’s MFN tariffs cut on ITA products
2020-08-16,US reimposes Section 232 tariff of 10% on certain aluminum products from Canada
2020-09-01,US eliminates re-imposed Section 232 tariff of 10% on certain aluminum products from Canada
2021-01-01,"China adjusts MFN tariff rates for 2021, and US reduces tariffs on imports from Japan under US-Japan Trade Agreement"
2021-01-14,US adjusts Section 301 tariffs on selected imports from EU related to Airbus dispute
2021-01-20,"Biden administration starts, Trump administration ends"
2021-02-07,US Section 201 tariffs reduced on solar panels and washing machines in fourth year of policy (washing machines had received an extension)
2021-03-01,US suspends Section 301 tariffs on selected imports from EU (March 11) and UK (March 4) related to Airbus dispute
2021-05-01,China’s MFN tariffs cut on some steel products
2021-07-01,China’s MFN tariffs cut on ITA products
2022-01-01,China adjusts MFN tariff rates for 2022; US Section 232 tariffs on imports of steel and aluminum from the EU converted to a tariff-rate quota
2022-02-07,US Section 201 tariffs reduced on solar panels and washing machines in fifth year of policy (solar panels had received an extension)
2022-04-11,US Section 232 tariffs on imports of steel from Japan converted to a tariff-rate quota
2022-05-01,China’s MFN tariffs cut to zero on coal
2022-06-01,US Section 232 tariffs on imports of steel and aluminum from the UK converted to a tariff-rate quota
2022-07-01,China’s MFN tariffs cut on ITA products
2023-01-01,"China’s MFN tariffs cut on selected products, effective MFN tariff increased on frozen chicken under conversion from special to ad valorem rate"
2023-02-07,US Section 201 tariffs reduced on solar panels in sixth year of policy; Section 201 tariffs on washing machines expire
2023-07-01,China's MFN tariff cut on ITA products
2023-12-31,"China’s MFN tariffs on coal revert back to higher, binding rate"
2024-01-01,China adjusts MFN tariff rates for 2024
2024-06-26,US Section 201 tariffs reduced on solar panels in seventh year of policy
2024-09-27,"US Section 301 tariffs adjusted on selected Chinese products, including electric vehicles"
2025-01-01,"China adjusts MFN tariff rates for 2025; US Section 301 tariffs imposed adjusted on selected Chinese products, including tungsten, wafers, and polysilicon"
2025-01-20,"Trump administration starts, Biden administration ends"
2025-02-04,US tariffs of 10 percent imposed on all imports from China under International Emergency Economic Powers Act (IEEPA)
2025-02-07,US Section 201 tariffs reduced on solar panels in eighth year of policy
2025-02-10,China retaliates against US tariffs under IEEPA imposed February 4
2025-03-04,US tariffs of 10 percent on all imports from China under IEEPA; US tariffs imposed on imports from Canada and Mexico that are not compliant with USMCA [not shown]
2025-03-10,China retaliates against US tariffs under IEEPA imposed March 4
2025-03-12,"US Section 232 tariffs imposed on steel, aluminum, and derivative products"
2025-04-03,US Section 232 tariffs of 25 percent imposed on automobiles
2025-04-05,"US tariffs of 10 percent imposed on nearly all countries, including China, under IEEPA, but with some sector carveouts"
2025-04-09,"US tariffs ranging from 1 percent to 74 percent imposed on nearly all countries with a trade surplus with the US, including China (74 percent), under IEEPA. US tariff on China includes an additional 50 percent tariff as counter-retaliation for China’s retaliation announcement"
2025-04-10,"China retaliates against US tariffs under IEEPA imposed April 5 and 9 by imposing tariffs of 84 percent; US eliminates tariffs imposed April 9 on trade surplus countries under IEEPA with exception of China, which faces an additional 41 percent tariff increase under IEEPA (to 125 percent total), but with some sector carveouts"
2025-04-11,"US removes some additional tariffs imposed under IEEPA on April 5, 9, and 10, carving out some additional products that contain semiconductors"
2025-04-12,"China retaliates against US tariffs under IEEPA imposed April 10, to reach levels of recent US tariff increases of 125 percent"
2025-05-03,US Section 232 tariffs of 25 percent imposed on automobile parts
2025-05-14,"US reduces to 10 percent from 125 percent the cumulative tariffs under IEEPA imposed on certain imports from China on April 5, 9 and 10; China reduces to 10 percent from 125 percent the cumulative retaliation to the IEEPA tariffs China had imposed on April 10 and 12"
